,index,feature_1,feature_2,correlation
114,114,IsHoliday,MarkDown2,0.2994475602087056
54,54,MarkDown2,IsHoliday,0.2994475602087056
100,100,Unemployment,Temperature,0.1508896104465889
20,20,Temperature,Unemployment,0.1508896104465889
116,116,IsHoliday,MarkDown4,0.1348405942570774
76,76,MarkDown4,IsHoliday,0.1348405942570774
40,40,MarkDown1,MarkDown5,0.0859668521567154
80,80,MarkDown5,MarkDown1,0.0859668521567154
2,2,Store,Fuel_Price,0.0666820471258405
22,22,Fuel_Price,Store,0.0666820471258405
106,106,Unemployment,MarkDown5,0.0318472137991649
86,86,MarkDown5,Unemployment,0.0318472137991649
102,102,Unemployment,MarkDown1,0.0205008185063014
42,42,MarkDown1,Unemployment,0.0205008185063014
98,98,CPI,IsHoliday,0.0010084295011868
118,118,IsHoliday,CPI,0.0010084295011868
110,110,IsHoliday,Store,-4.186666602573467e-16
10,10,Store,IsHoliday,-4.186666602573467e-16
18,18,Temperature,MarkDown5,-0.0032412767660735
78,78,MarkDown5,Temperature,-0.0032412767660735
104,104,Unemployment,MarkDown3,-0.0034636069433597
64,64,MarkDown3,Unemployment,-0.0034636069433597
66,66,MarkDown4,Store,-0.0051739970351502
6,6,Store,MarkDown4,-0.0051739970351502
28,28,Fuel_Price,MarkDown4,-0.0085461701744019
68,68,MarkDown4,Fuel_Price,-0.0085461701744019
82,82,MarkDown5,MarkDown3,-0.0160264894977748
62,62,MarkDown3,MarkDown5,-0.0160264894977748
4,4,Store,MarkDown2,-0.0442233053661874
44,44,MarkDown2,Store,-0.0442233053661874
92,92,CPI,MarkDown2,-0.0448962579949011
52,52,MarkDown2,CPI,-0.0448962579949011
50,50,MarkDown2,MarkDown4,-0.0465947453935412
70,70,MarkDown4,MarkDown2,-0.0465947453935412
94,94,CPI,MarkDown4,-0.0538677831356774
74,74,MarkDown4,CPI,-0.0538677831356774
56,56,MarkDown3,Temperature,-0.0775519340066662
16,16,Temperature,MarkDown3,-0.0775519340066662
32,32,Fuel_Price,IsHoliday,-0.0782379705485312
112,112,IsHoliday,Fuel_Price,-0.0782379705485312
58,58,MarkDown3,MarkDown1,-0.0898410056512754
38,38,MarkDown1,MarkDown3,-0.0898410056512754
34,34,MarkDown1,Temperature,-0.1249790922093501
14,14,Temperature,MarkDown1,-0.1249790922093501
90,90,CPI,Fuel_Price,-0.1866963427114852
30,30,Fuel_Price,CPI,-0.1866963427114852
26,26,Fuel_Price,MarkDown2,-0.1934611226235102
46,46,MarkDown2,Fuel_Price,-0.1934611226235102
88,88,CPI,Store,-0.2092824379433448
8,8,Store,CPI,-0.2092824379433448
